,prompt,A,B,Relatability A,Relatability B,Specificity A,Specificity B,Notes for the paper
0,"I miss my ex and ended up texting him, but I think it was a mistake because he didn’t treat me well. Recommend songs about missing someone toxic, regretting reaching out, and trying to choose self-respect over going back.","

1) **Tymps (The Sick in the Head Song)** - Fiona Apple
  Why this fits: This song is about trying to get over a former lover, but it's clear that the speaker is still struggling with thoughts of them. The lyrics speak to the pain and regret you're feeling after reaching out to someone who didn't treat you well.
","1) **Tymps (The Sick in the Head Song)** - **Fiona Apple**
  Why this fits: Fiona's haunting vocals and poignant lyrics capture the essence of feeling stuck in a toxic relationship. Her song is a powerful reminder that you're not alone, and that it's okay to acknowledge your emotions.
",1,1,1,0,"without annotations, explanations are very general and often based on the voice of the artist (voice/vocals). The reference to annotations make suggestions more grounded."
0,"I miss my ex and ended up texting him, but I think it was a mistake because he didn’t treat me well. Recommend songs about missing someone toxic, regretting reaching out, and trying to choose self-respect over going back.","2) **Toxic** - Kehlani
  Why this fits: This song is about reflecting on a toxic relationship, which I think resonates with your experience. The lyrics touch on the pain and frustration that comes with trying to move on from someone who didn't treat you right.
","2) **Choke** - **Counterparts**
  Why this fits: This punk-infused track speaks directly to the pain and frustration of being trapped in an unhealthy relationship. The lyrics are raw and honest, making it relatable and cathartic for anyone who's been there.

",1,1,0,0,
0,"I miss my ex and ended up texting him, but I think it was a mistake because he didn’t treat me well. Recommend songs about missing someone toxic, regretting reaching out, and trying to choose self-respect over going back.","3) **Outside** - Bryson Tiller
  Why this fits: This song is about expressing sexual desire for someone who's just gone through a breakup, but it also touches on the theme of moving on from a past relationship. I think the lyrics speak to your desire to move forward and leave the past behind.
","3) **Toxic** - **Kehlani**
  Why this fits: Kehlani's soulful voice and introspective lyrics explore the complexities of a toxic relationship. Her song is a testament to the power of self-reflection and the importance of prioritizing your own well-being.
",0,1,1,0,
0,"I miss my ex and ended up texting him, but I think it was a mistake because he didn’t treat me well. Recommend songs about missing someone toxic, regretting reaching out, and trying to choose self-respect over going back.","4) **What Did You Expect?** - Neck Deep
  Why this fits: This song is about the aftermath of a breakup, and the lyrics touch on feelings of regret and longing. I think it captures the emotions you're feeling after reaching out to someone who didn't treat you well.
","

4) **Outside** - **Bryson Tiller**
  Why this fits: Bryson's smooth vocals and atmospheric production create a sense of longing and yearning, which might resonate with you as you navigate the aftermath of reaching out to your ex. His song is a reminder that it's okay to take time for yourself and focus on healing.",1,0,0,0,
0,"I miss my ex and ended up texting him, but I think it was a mistake because he didn’t treat me well. Recommend songs about missing someone toxic, regretting reaching out, and trying to choose self-respect over going back.","5) **Life Goes On** - Johnny Cash
  Why this fits: This classic country song is about moving on from a past relationship and finding a way to heal. The lyrics speak to the pain of loss, but also offer a message of hope and resilience. I think it's a great reminder that life does go on, even when things don't work out as we hoped.","5) **rubberband** - **Tate McRae**
  Why this fits: Tate's emotive vocals and introspective lyrics capture the regret and longing that often follows a breakup. Her song is a powerful reminder that it's okay to acknowledge your emotions and take the time you need to heal.

",1,1,1,0,
1,"My boyfriend dumped me to get back together with his ex, and I feel hurt, angry, betrayed, and replaceable. Recommend songs about being left for someone else, hating an ex after betrayal, and wanting to move on.","1) **Homeless** - Burial
Why this fits: This song captures the sadness and despair that often follows a breakup. The lyrics speak to feeling lost and alone, which resonates with your current emotional state.","1) **Homeless** - Burial
Why this fits: This song's melancholic tone and introspective lyrics perfectly capture the sadness and longing you might be experiencing after being left behind. The song's atmospheric soundscapes will help you process your emotions.",0,0,0,0,
1,"My boyfriend dumped me to get back together with his ex, and I feel hurt, angry, betrayed, and replaceable. Recommend songs about being left for someone else, hating an ex after betrayal, and wanting to move on.","2) **Nothing I Can Do** - Tony Molina
Why this fits: This song is about a love lost for no reason, which aligns with your feelings of betrayal and confusion. The lyrics convey a sense of resignation and sadness, making it relatable to your situation.","2) **Nothing I Can Do** - Tony Molina
Why this fits: This song's raw emotion and honest lyrics about a lost love will resonate with you. Its indie-rock vibe will provide a cathartic release for your feelings of anger and betrayal.",1,1,0,0,
1,"My boyfriend dumped me to get back together with his ex, and I feel hurt, angry, betrayed, and replaceable. Recommend songs about being left for someone else, hating an ex after betrayal, and wanting to move on.","3) **Turn the Other Way** - Avenged Sevenfold
Why this fits: This song is about a man in pain due to a devastating breakup. The lyrics speak to feeling wronged and wanting to move on from the heartache. Your emotions of hurt and anger are reflected in this song's message.","3) **Turn the Other Way** - Avenged Sevenfold
Why this fits: This metal anthem's powerful vocals and crushing riffs will help you channel your emotions into a sense of empowerment. The song's themes of heartache and perseverance will give you strength to move forward.",1,1,1,1,
1,"My boyfriend dumped me to get back together with his ex, and I feel hurt, angry, betrayed, and replaceable. Recommend songs about being left for someone else, hating an ex after betrayal, and wanting to move on.","4) **Choke** - Counterparts
Why this fits: This song is about a toxic relationship that ended, which might resonate with your feelings of betrayal. The lyrics convey a sense of frustration and helplessness, making it relatable to your current emotional state.","4) **Choke** - Counterparts
Why this fits: This punk-infused track's intense energy and aggressive lyrics about a toxic relationship will validate your feelings of anger and frustration. Its fast-paced tempo will help you release pent-up emotions.",1,1,1,1,
1,"My boyfriend dumped me to get back together with his ex, and I feel hurt, angry, betrayed, and replaceable. Recommend songs about being left for someone else, hating an ex after betrayal, and wanting to move on.","5) **I Just Can’t Be Alone** - Lexa Gates
Why this fits: This song is about the pain of heartbreak and the struggle to move on from a lost love. The lyrics speak to feeling indifferent and wanting to be alone, which aligns with your emotions of sadness and isolation.","5) **I Just Can’t Be Alone** - Lexa Gates
Why this fits: This R&B ballad's soulful vocals and introspective lyrics about the pain of heartbreak will provide a sense of comfort and understanding. The song's smooth, atmospheric soundscapes will help you process your emotions.",1,1,1,0,
2,"Recommend 5 songs about having a difficult or uncomfortable relationship with your body, including themes like body image, insecurity, self-criticism, dysmorphia, shame, or learning to accept yourself.","1) **Same Logic/Teeth** - **Brand New**
Why this fits: This song is a strikingly honest portrayal of self-harm and self-loathing, making it a powerful representation of the struggles you may be facing.","1) **Same Logic/Teeth** - **Brand New**
Why this fits: This song's honest lyrics about self-harm and self-loathing resonate deeply with the emotional turmoil you're experiencing.",0,0,1,1,
2,"Recommend 5 songs about having a difficult or uncomfortable relationship with your body, including themes like body image, insecurity, self-criticism, dysmorphia, shame, or learning to accept yourself.","2) **The Lines** - **Beartooth**
Why this fits: This song delves into themes of depression and anxiety, offering a relatable perspective on the emotional turmoil that can come with struggling to accept oneself.","2) **The Lines** - **Beartooth**
Why this fits: Beartooth's powerful vocals and crushing riffs capture the frustration and desperation that often accompanies body image issues.",0,0,1,0,
2,"Recommend 5 songs about having a difficult or uncomfortable relationship with your body, including themes like body image, insecurity, self-criticism, dysmorphia, shame, or learning to accept yourself.","3) **Whole Damn Year** - **Mary J. Blige**
Why this fits: Mary J.'s powerful vocals convey the pain and vulnerability that often accompany struggles with body image and self-acceptance.","3) **Whole Damn Year** - **Mary J. Blige**
Why this fits: Mary J.'s soulful voice and introspective lyrics explore the emotional aftermath of a breakup, which can be a catalyst for self-reflection and growth.",1,1,1,0,
2,"Recommend 5 songs about having a difficult or uncomfortable relationship with your body, including themes like body image, insecurity, self-criticism, dysmorphia, shame, or learning to accept yourself.","4) **Bouquet** - **Counterparts**
Why this fits: This haunting single explores themes of mental illness, offering a poignant representation of the emotional turmoil that can come with struggling to accept oneself.","4) **Bouquet** - **Counterparts**
Why this fits: This haunting song's themes of mental illness and vulnerability will likely resonate with your struggles to accept yourself.",0,0,0,0,
2,"Recommend 5 songs about having a difficult or uncomfortable relationship with your body, including themes like body image, insecurity, self-criticism, dysmorphia, shame, or learning to accept yourself.","5) **Skeletons** - **Papa Roach**
Why this fits: This song's lyrics about secrets and past memories resonate with the idea of hiding one's true self due to shame or fear of rejection.","5) **I'm Not Okay (I Promise)** - **My Chemical Romance**
Why this fits: MCR's iconic sound and lyrics about interpersonal problems and self-acceptance offer a sense of solidarity and hope in the face of adversity.",1,0,1,0,
3,Recommend 5 songs about riding bicycles and returning to someone you miss.,"1) **Bikeriders** - **Lucero**
Why this fits: This song's lyrics speak of riding bicycles, which aligns with your request. The country genre and energetic vibe also match the emotional tone you're looking for.","1) **Bikeriders** - **Lucero**
Why this fits: This song captures the essence of riding bicycles, with lyrics that evoke a sense of longing and nostalgia. The country vibe and energetic tempo make it perfect for a ride back to someone you miss.",0,0,0,0,
3,Recommend 5 songs about riding bicycles and returning to someone you miss.,"2) **Engine Engine #9** - **Roger Miller**
Why this fits: Although not directly about riding bicycles, this song's theme of longing and returning to someone you miss resonates with your request. The country genre and nostalgic feel also fit the bill.","2) **Engine Engine #9** - **Roger Miller**
Why this fits: This classic country song has a nostalgic feel, with lyrics that speak to the pain of lost love. The upbeat tempo and catchy melody make it a great choice for a playlist about riding bicycles and returning to someone special.",1,1,1,0,
3,Recommend 5 songs about riding bicycles and returning to someone you miss.,"3) **Riding to New York** - **Passenger**
Why this fits: This song's title and lyrics explicitly mention riding a bike, making it a great match for your request. The indie genre and emotional tone also align with what you're looking for.","3) **Riding to New York** - **Passenger**
Why this fits: This song's themes of longing and nostalgia align perfectly with your request. The acoustic-driven melody and Passenger's emotive vocals create a sense of intimacy, making it a great fit for a playlist about riding bicycles and returning to someone you miss.",1,1,0,0,
3,Recommend 5 songs about riding bicycles and returning to someone you miss.,"4) **Olympia, WA** - **Rancid**
Why this fits: Although not directly about bicycles or returning to someone, this song's themes of longing and nostalgia fit the emotional tone you're looking for. The punk genre adds an energetic edge to the playlist.","4) **Olympia, WA** - **Rancid**
Why this fits: This punk-infused track has an energetic tempo that matches the excitement of riding bicycles. The lyrics speak to the pain of lost love, making it a great choice for a playlist about returning to someone special.",1,1,0,0,
3,Recommend 5 songs about riding bicycles and returning to someone you miss.,"5) **The Sweetheart Of The Rodeo** - **Emmylou Harris**
Why this fits: This song's lyrics speak of longing and carrying on a legacy, which aligns with your request. The singer-songwriter genre and emotional tone also fit what you're looking for.","5) **Mississippi Isabel** - **King Charles**
Why this fits: This indie-folk song has a nostalgic feel, with lyrics that evoke a sense of longing and wistfulness. The acoustic-driven melody and King Charles' emotive vocals create a sense of intimacy, making it a great fit for a playlist about riding bicycles and returning to someone you miss.",1,1,1,0,
4,"Recommend 5 country songs about doing a road trip alone, including situations like getting a flat tire, running out of gas, singing by yourself in the car","1) **Backroad Therapy** - Alexandra Kay
  Why this fits... This song is all about finding solace on the open road, and Alexandra Kay's emotive vocals perfectly capture the feeling of being alone with your thoughts.","1) **Backroad Therapy** - Alexandra Kay
  Why this fits: This song's lyrics perfectly capture the feeling of being on a solo road trip, with lines like ""It's 1:08 wide awake when I hear that Special ring stomach sinks 'cause you know I'm already pullin' out the drive."" The song's energy and tempo match your request for a country song about a solo road trip.",1,1,1,1,
4,"Recommend 5 country songs about doing a road trip alone, including situations like getting a flat tire, running out of gas, singing by yourself in the car","2) **Somewhere In My Car** - Keith Urban
  Why this fits... Although the lyrics don't explicitly mention a road trip, the theme of longing for someone who's gone resonates with the idea of being on a journey by yourself. Keith Urban's smooth vocals add to the song's introspective vibe.","2) **Flat Tire** - Jason Aldean
  Why this fits: This song tells the story of a guy who gets a flat tire on his way to see his ex, and it's a great representation of the frustrations that can come with being on a long drive alone. The lyrics are relatable, and the song has a catchy country vibe.",1,0,1,0,
4,"Recommend 5 country songs about doing a road trip alone, including situations like getting a flat tire, running out of gas, singing by yourself in the car","3) **Crazed Country Rebel** - Hank Williams III
  Why this fits... This high-energy track captures the rebellious spirit of hitting the open road, and Hank Williams III's distinctive voice brings a sense of freedom and adventure to the lyrics.","3) **Crazed Country Rebel** - Hank Williams III
  Why this fits: This song is all about rebellion and freedom, which is perfect for a solo road trip. The lyrics mention driving through the night, feeling alive, and being free – it's a great anthem for anyone hitting the open road alone.",1,1,1,1,
4,"Recommend 5 country songs about doing a road trip alone, including situations like getting a flat tire, running out of gas, singing by yourself in the car","4) **Flat Tire Mornings** - Jason Aldean
  Why this fits... Unfortunately, I couldn't find any song with this exact title, but Jason Aldean's music often explores themes of independence and self-discovery on the road. This pick would fit perfectly into your playlist!","4) **East Bound and Down** - Jerry Reed
  Why this fits: This classic country song is all about trucking and hitting the open road, which is perfect for your request. The lyrics are fun and upbeat, and the song has a great energy to it.",0,1,0,1,
4,"Recommend 5 country songs about doing a road trip alone, including situations like getting a flat tire, running out of gas, singing by yourself in the car","5) **East Bound and Down** - Jerry Reed
  Why this fits... This classic country tune is all about hitting the open road, and its upbeat tempo and carefree lyrics make it a great addition to your playlist.","5) **Highway 20 Ride** - Zac Brown Band
  Why this fits: This song tells the story of a guy who's taking a solo drive down Highway 20, reflecting on his life and relationships along the way. The lyrics are relatable, and the song has a great country-rock vibe that matches your request.",1,1,1,1,
5,"I feel disconnected from friends I used to be close with, like we’ve grown into different people. It’s sad but also feels necessary. Recommend songs about drifting apart, nostalgia for old friendships, and accepting change.","1) **Old Phone** - Ed Sheeran
  Why this fits: This song's lyrics about finding an old phone and feeling a sense of nostalgia and longing perfectly capture the emotions you're experiencing.","1) **Old Phone** - Ed Sheeran
  Why this fits: This song's nostalgic vibe and lyrics about revisiting the past will resonate with your feelings of longing for old friendships. The catchy melody and acoustic tone will also help you tap into those bittersweet emotions.",1,1,1,0,
5,"I feel disconnected from friends I used to be close with, like we’ve grown into different people. It’s sad but also feels necessary. Recommend songs about drifting apart, nostalgia for old friendships, and accepting change.","2) **Far Rockaway** - KAMAUU
  Why this fits: The song's themes of pain, acceptance, and letting go are relatable to your feelings of drifting apart from friends. The lyrics also touch on the idea of growing apart, which is a common experience in life.","2) **Far Rockaway** - KAMAUU
  Why this fits: This R&B track captures the pain and acceptance that comes with drifting apart from loved ones. Its soulful vocals and introspective lyrics will help you process your emotions and find solace in the present moment.",1,1,0,0,
5,"I feel disconnected from friends I used to be close with, like we’ve grown into different people. It’s sad but also feels necessary. Recommend songs about drifting apart, nostalgia for old friendships, and accepting change.","3) **Tears** - PASTEL GHOST
  Why this fits: This electronic track has a haunting quality that matches the emotional pain you're feeling. The lyrics about missing someone and wanting to feel something different resonate with your sense of loss and longing.","3) **Tears** - PASTEL GHOST
  Why this fits: This electronic track's soaring synths and emotive vocals convey a sense of longing and loss, mirroring your feelings about missing old friendships. The song's atmospheric quality will also help you process your emotions and find catharsis.",0,0,0,0,
5,"I feel disconnected from friends I used to be close with, like we’ve grown into different people. It’s sad but also feels necessary. Recommend songs about drifting apart, nostalgia for old friendships, and accepting change.","4) **Now That We Don’t Talk (Taylor’s Version)** - Taylor Swift
  Why this fits: Taylor's song explores the feelings that arise when a once-important relationship fades away, which is similar to your experience. The lyrics about change and distance are relatable, and the song's introspective tone matches your emotional state.","4) **Now That We Don’t Talk (Taylor’s Version)** - Taylor Swift
  Why this fits: This song's introspective lyrics and soaring chorus capture the bittersweet nature of drifting apart from friends. Its pop sensibilities and memorable melody will make it easy to connect with your emotions and reflect on the past.",1,1,1,1,
5,"I feel disconnected from friends I used to be close with, like we’ve grown into different people. It’s sad but also feels necessary. Recommend songs about drifting apart, nostalgia for old friendships, and accepting change.","5) **Someone You Loved** - Lewis Capaldi
  Why this fits: This song's themes of loss, longing, and nostalgia are a perfect match for your emotions. The lyrics about remembering good times and struggling to move on resonate with your feelings of disconnection and sadness.",5) **[Insert 5th pick here]**,1,0,1,0,
6,"I feel constantly stressed, exhausted, and mentally drained because of my job. It’s hard to switch off and I’m starting to feel detached. Recommend songs about burnout, pressure, feeling stuck, and trying to regain balance or peace of mind.","1) **Floating By** - Washed Out
Why this fits: This song's laid-back vibe and lyrics about feeling disconnected from reality resonate with your feelings of exhaustion and detachment. The song's dreamy quality will help you unwind and find some calm.","1) **Floating By** - Washed Out
Why this fits: This song's laid-back vibe and lyrics about feeling disconnected from the world resonate with your feelings of exhaustion and detachment. The song's gentle energy will help you unwind and find some calm.",1,1,1,1,
6,"I feel constantly stressed, exhausted, and mentally drained because of my job. It’s hard to switch off and I’m starting to feel detached. Recommend songs about burnout, pressure, feeling stuck, and trying to regain balance or peace of mind.","2) **Stress** - Silverstein
Why this fits: This song's intense energy and lyrics about feeling overwhelmed by pressure match your emotions perfectly. The song's aggressive tone might be just what you need to release some pent-up frustration.","2) **Stress** - Silverstein
Why this fits: This punk-infused track speaks directly to your stress and pressure, acknowledging that it can feel overwhelming at times. The song's intense energy and lyrics about coping with anxiety will likely resonate with you.",1,1,1,0,
6,"I feel constantly stressed, exhausted, and mentally drained because of my job. It’s hard to switch off and I’m starting to feel detached. Recommend songs about burnout, pressure, feeling stuck, and trying to regain balance or peace of mind.","3) **OVERTIME** - SAHXL
Why this fits: Although the song doesn't explicitly address burnout, its themes of being overwhelmed and struggling to cope with stress are relatable. The song's smooth R&B vibe will help you relax and find some solace.","3) **Tired** - beabadoobee
Why this fits: This indie-pop gem captures the feeling of being overwhelmed and tired all the time. The song's introspective lyrics and soothing melody will help you process your emotions and find some solace in knowing you're not alone.",1,1,1,1,
6,"I feel constantly stressed, exhausted, and mentally drained because of my job. It’s hard to switch off and I’m starting to feel detached. Recommend songs about burnout, pressure, feeling stuck, and trying to regain balance or peace of mind.","4) **Tired** - beabadoobee
Why this fits: This song's introspective lyrics about feeling drained and struggling to keep up with life's demands resonate deeply. The song's indie-pop sound is catchy and uplifting, making it a great pick-me-up when you're feeling exhausted.","4) **OVERTIME** - SAHXL
Why this fits: This R&B track explores themes of burnout, pressure, and feeling stuck. The song's smooth vocals and atmospheric production create a sense of calm, making it perfect for when you need to unwind and recharge.",1,1,1,1,
6,"I feel constantly stressed, exhausted, and mentally drained because of my job. It’s hard to switch off and I’m starting to feel detached. Recommend songs about burnout, pressure, feeling stuck, and trying to regain balance or peace of mind.","5) **Stress Builds Character** - Dystopia
Why this fits: This song's heavy riffs and aggressive vocals capture the frustration and anger that comes with feeling stuck in a rut. The song's themes of perseverance and finding strength through adversity are inspiring, and its metal sound will help you release some pent-up energy.","5) **Stress Builds Character** - Dystopia
Why this fits: This metal track may seem like an unusual choice at first, but its intense energy and lyrics about coping with stress will likely resonate with your feelings. The song's message of perseverance in the face of adversity is a powerful reminder that you're not alone.",1,1,1,1,
7,"I'm feeling a little tired and unmotivated, but I still need to get dressed and go out. Recommend songs that give a burst of energy, make mundane tasks feel exciting, and help me get into an outgoing mood.","1) **Good Day Today** - **David Lynch**
  Why this fits: This song's upbeat tempo (136 BPM) and energetic vibe will have you moving in no time. The lyrics about sending an angel to save you might just be the motivation you need to tackle your day.","1) **Good Day Today** - **David Lynch**
  Why this fits: This song is a perfect blend of electronic beats and uplifting lyrics, guaranteed to give you a boost of energy and motivation. The catchy chorus will have you singing along in no time!",0,0,0,0,
7,"I'm feeling a little tired and unmotivated, but I still need to get dressed and go out. Recommend songs that give a burst of energy, make mundane tasks feel exciting, and help me get into an outgoing mood.","2) **Pumped Up Kicks** - **Foster the People**
  Why this fits: This catchy tune has a similar energy level (0.606) and danceability (0.823) to ""Good Day Today"". The lyrics are also about finding motivation and getting pumped up, which aligns perfectly with your request.","2) **Mr. Brightside** - **The Killers**
  Why this fits: This classic indie-rock anthem is all about embracing the good times and leaving your worries behind. Its infectious hooks and driving rhythm will get you pumped up and ready to take on the day.",0,0,0,0,
7,"I'm feeling a little tired and unmotivated, but I still need to get dressed and go out. Recommend songs that give a burst of energy, make mundane tasks feel exciting, and help me get into an outgoing mood.","3) **Best Day of My Life** - **American Authors**
  Why this fits: This song's optimistic tone and upbeat tempo (116 BPM) will have you feeling like it's the best day ever. The lyrics celebrate the joy of living in the moment, which is exactly what you need to get out of your funk.","3) **Best Day of My Life** - **American Authors**
  Why this fits: With its soaring chorus and upbeat tempo, this song is the perfect pick-me-up for a sluggish morning. The lyrics are all about making the most of every moment, which will surely put you in an optimistic mood.",1,1,1,1,
7,"I'm feeling a little tired and unmotivated, but I still need to get dressed and go out. Recommend songs that give a burst of energy, make mundane tasks feel exciting, and help me get into an outgoing mood.","4) **On Top of the World** - **Imagine Dragons**
  Why this fits: This song's powerful vocals and driving beat (128 BPM) will give you a much-needed energy boost. The lyrics are about feeling on top of the world and ready to take on any challenge, which is exactly what you need to get motivated.","4) **On Top of the World** - **Imagine Dragons**
  Why this fits: This anthemic track is all about feeling on top of the world and ready to take on any challenge. Its powerful vocals and driving beat will have you pumped up and motivated to tackle your day.",1,1,1,1,
7,"I'm feeling a little tired and unmotivated, but I still need to get dressed and go out. Recommend songs that give a burst of energy, make mundane tasks feel exciting, and help me get into an outgoing mood.","5) **Uptown Funk** - **Mark Ronson ft. Bruno Mars**
  Why this fits: This funky tune has an infectious beat (116 BPM) and a carefree vibe that's sure to get you moving. The lyrics are all about having fun and letting loose, which is just what you need to shake off your tired feeling.","5) **Uptown Funk** - **Mark Ronson ft. Bruno Mars**
  Why this fits: This funky hit is guaranteed to get you moving and grooving! The catchy hooks, horn sections, and smooth vocals will transport you to a world of pure energy and excitement, making even the most mundane tasks feel like a party.",1,1,1,1,
8,"I'm playing poker with friends. Recommend songs about a player going all in, someone bluffing while holding a weak hand, a bluff being called and instantly exposed, a river card that suddenly flips the outcome, a player secretly cheating by marking or switching cards, or an intense stare-down when someone raises.","1) **Becky's Bible** - **Chris Knight**
  Why this fits: The song's lyrics about a gunfight over cheating accusations at a poker game perfectly capture the intense and dramatic moments that can unfold during a high-stakes game.","1) **Becky's Bible** - **Chris Knight**
  Why this fits: This country song tells a story of a poker game gone wrong, where accusations of cheating lead to a gunfight. The intense energy and tempo match the excitement of a high-stakes poker game.",1,1,1,1,
8,"I'm playing poker with friends. Recommend songs about a player going all in, someone bluffing while holding a weak hand, a bluff being called and instantly exposed, a river card that suddenly flips the outcome, a player secretly cheating by marking or switching cards, or an intense stare-down when someone raises.","2) **The Devil Went Down to Georgia** - **The Charlie Daniels Band**
  Why this fits: This classic country-rock tune tells the story of a fiddle-playing contest between a human and the devil, which mirrors the competitive spirit and strategic thinking required in poker. The song's energetic tempo and lively instrumentation will keep your game night energized.","2) **The Gambler** - **Kenny Rogers**
  Why this fits: This classic song is all about taking risks and playing the odds in a game of chance. The lyrics warn against getting too attached to your winnings, which fits perfectly with the theme of going all-in or bluffing.",1,0,1,0,
8,"I'm playing poker with friends. Recommend songs about a player going all in, someone bluffing while holding a weak hand, a bluff being called and instantly exposed, a river card that suddenly flips the outcome, a player secretly cheating by marking or switching cards, or an intense stare-down when someone raises.","3) **Gonna Get Along Without You Now** - **Patsy Cline**
  Why this fits: This country music classic has a hint of sassiness and determination, which is perfect for when you're going all in or trying to bluff your way to victory. The song's upbeat tempo will keep the mood light and fun.","3) **Deal** - **The Black Keys**
  Why this fits: This blues-rock track has an edgy, high-energy vibe that matches the intensity of a poker game. The lyrics touch on themes of chance and risk-taking, making it a great fit for your playlist.",0,0,0,0,
8,"I'm playing poker with friends. Recommend songs about a player going all in, someone bluffing while holding a weak hand, a bluff being called and instantly exposed, a river card that suddenly flips the outcome, a player secretly cheating by marking or switching cards, or an intense stare-down when someone raises.","4) **The Gambler** - **Kenny Rogers**
  Why this fits: Who better to advise on poker than ""The Gambler"" himself? This iconic song has a wise, reflective tone that'll guide you through the ups and downs of the game. The song's storytelling style will also keep your friends engaged.","4) **Lucky Man** - **Mick Jagger**
  Why this fits: This song is all about being lucky (or unlucky!) in games of chance. The upbeat tempo and catchy melody make it perfect for a poker night with friends.",1,0,1,0,
8,"I'm playing poker with friends. Recommend songs about a player going all in, someone bluffing while holding a weak hand, a bluff being called and instantly exposed, a river card that suddenly flips the outcome, a player secretly cheating by marking or switching cards, or an intense stare-down when someone raises.","5) **East Bound and Down** - **Jerry Reed**
  Why this fits: This country-rock anthem is all about taking risks and pushing boundaries – just like when you're trying to make a big bet or bluff your way to victory. The song's catchy melody and energetic vibe will get everyone pumped up for the game.","5) **The River** - **Garth Brooks**
  Why this fits: This country ballad tells the story of a river that changes course, much like how a single card can flip the outcome of a poker game. The song's themes of chance and uncertainty fit perfectly with your request.",0,0,0,0,
9,"I recently lost a close family member and I’m trying to process the grief, I am in disbelief. Recommend songs about loss, mourning someone you love deeply, remembering shared moments, and trying to accept someone's death","1) **Something You Get Through** - Willie Nelson
  Why this fits: This song addresses the inevitable disappointment that comes with losing someone, and it's a gentle reminder that love itself is not pointless. The acoustic nature of the track adds to its soothing quality.","1) **Something You Get Through** - Willie Nelson
  Why this fits: This song addresses the disappointment and pain of losing someone, which resonates with your current emotions. Willie's soothing voice and acoustic melody will help you process your grief.",1,1,1,0,
9,"I recently lost a close family member and I’m trying to process the grief, I am in disbelief. Recommend songs about loss, mourning someone you love deeply, remembering shared moments, and trying to accept someone's death","2) **Fireside** - Arctic Monkeys
  Why this fits: This song captures the struggle to move on from someone you loved deeply. The lyrics acknowledge the pain of remembering shared moments, and the music has a melancholic yet introspective tone that might resonate with your emotions.","2) **Fireside** - Arctic Monkeys
  Why this fits: This song captures the struggle to move on from someone you loved deeply. The lyrics speak directly to your feelings, acknowledging that it's okay to feel sad but also encouraging you to find ways to cope.",1,1,1,0,
9,"I recently lost a close family member and I’m trying to process the grief, I am in disbelief. Recommend songs about loss, mourning someone you love deeply, remembering shared moments, and trying to accept someone's death","3) **Dancing with Tears in My Eyes** - Ultravox
  Why this fits: This classic track deals with the theme of loss and grief, specifically the memory of someone who's passed away. The song's soaring chorus and poignant lyrics might help you process your emotions.","3) **Dancing with Tears in My Eyes** - Ultravox
  Why this fits: This classic song shares a similar theme of nostalgia and longing for a lost love. The soaring melody and poignant lyrics will help you reflect on the memories you shared with your loved one.",1,1,1,0,
9,"I recently lost a close family member and I’m trying to process the grief, I am in disbelief. Recommend songs about loss, mourning someone you love deeply, remembering shared moments, and trying to accept someone's death","4) **Hold Me Like You Used To** - Zoe Wees
  Why this fits: This song is a heartfelt tribute to a loved one who's no longer with us. The lyrics explore the pain of losing someone close, and the music has a gentle, introspective quality that might provide comfort during this difficult time.","4) **Hold Me Like You Used To** - Zoe Wees
  Why this fits: As someone who has also experienced loss, Zoe's heartfelt songwriting resonates deeply. This track is about holding onto memories of a loved one and finding solace in those moments.",1,1,1,0,
9,"I recently lost a close family member and I’m trying to process the grief, I am in disbelief. Recommend songs about loss, mourning someone you love deeply, remembering shared moments, and trying to accept someone's death","5) **Make You Cry** - Title Fight
  Why this fits: This punk-infused track deals with themes of mortality, aging, and loss. While it may not be an obvious choice for grief, the song's raw energy and emotional honesty might resonate with your feelings.","5) **Make You Cry** - Title Fight
  Why this fits: While the title might seem morbid, the song actually explores themes of grief, nostalgia, and the desire to hold onto fleeting moments with someone meaningful. The punk-rock energy will help you process your emotions.",0,0,1,0,
